Asset_ID,Asset_Type,Exposure_USD,Risk_Weight,Initial_RWA
AST_0000,MBS,3947362.21,1.12,4421045.6752
AST_0001,Equity Derivative,1078401.53,1.18,1272513.8054
AST_0002,Corporate Loan,2619748.75,0.2,523949.75
AST_0003,MBS,3002831.39,0.6,1801698.834
AST_0004,MBS,327607.02,0.26,85177.8252
AST_0005,Equity Derivative,3076969.77,1.31,4030830.3987000003
AST_0006,Corporate Loan,935568.21,0.97,907501.1636999999
AST_0007,Corporate Loan,418752.81,0.56,234501.57360000003
AST_0008,MBS,4749539.13,0.19,902412.4347
AST_0009,Sovereign Bond,4831596.96,0.54,2609062.3584000003
AST_0010,MBS,4061147.01,0.56,2274242.3256
AST_0011,MBS,1592607.47,1.12,1783720.3664000002
AST_0012,MBS,578593.36,0.99,572807.4264
AST_0013,MBS,3452741.83,1.34,4626674.052200001
AST_0014,Equity Derivative,2256747.22,0.76,1715127.8872000002
AST_0015,Corporate Loan,697987.35,0.27,188456.5845
AST_0016,Equity Derivative,2526366.86,1.1,2779003.546
AST_0017,Equity Derivative,268503.75,1.17,314149.38749999995
AST_0018,Equity Derivative,4555669.97,0.89,4054546.2733
AST_0019,MBS,1368021.91,1.18,1614265.8538
AST_0020,Sovereign Bond,3346359.19,0.79,2643623.7601
AST_0021,Corporate Loan,1627384.27,0.83,1350728.9441
AST_0022,Sovereign Bond,2648333.3,0.7,1853833.3099999998
AST_0023,Equity Derivative,2778880.37,0.14,389043.2518
AST_0024,Equity Derivative,1005786.83,0.25,251446.7075
AST_0025,Sovereign Bond,4850964.68,0.14,679135.0552000001
AST_0026,Sovereign Bond,3898150.83,0.99,3859169.3217
AST_0027,Sovereign Bond,4703544.81,0.54,2539914.1974
AST_0028,Equity Derivative,4484654.02,0.81,3632569.7561999997
AST_0029,Equity Derivative,3029709.9,1.37,4150702.563
AST_0030,Corporate Loan,4617183.75,0.45,2077732.6875
AST_0031,Corporate Loan,533613.26,0.67,357520.88420000003
AST_0032,Equity Derivative,1060316.03,1.16,1229966.5947999998
AST_0033,Sovereign Bond,321613.72,0.42,135077.76239999998
AST_0034,Sovereign Bond,1694118.62,0.21,355764.9102
AST_0035,Corporate Loan,2004518.72,0.51,1022304.5472
AST_0036,Equity Derivative,1429610.26,0.33,471771.38580000005
AST_0037,Corporate Loan,4160813.79,1.4,5825139.306
AST_0038,Corporate Loan,1848091.3,1.23,2273152.299
AST_0039,MBS,1476579.1,0.99,1461813.3090000001
AST_0040,MBS,2759210.81,1.32,3642158.2692000004
AST_0041,MBS,790528.7,1.23,972350.301
AST_0042,Sovereign Bond,4030765.21,0.36,1451075.4756
AST_0043,Equity Derivative,465298.15,1.35,628152.5025000001
AST_0044,Equity Derivative,4935745.99,0.86,4244741.5514
AST_0045,Equity Derivative,3883999.37,1.23,4777319.2251
AST_0046,Equity Derivative,1073706.84,1.35,1449504.2340000002
AST_0047,MBS,127058.37,0.55,69882.1035
AST_0048,Sovereign Bond,4095761.0,0.25,1023940.25
AST_0049,Sovereign Bond,3563600.98,0.42,1496712.4116
